N,n_days,mean_S,median_ebar,mean_ebar,n_ebar_above_03,median_gap_gamma,mean_gap_gamma,median_gap_uniform,mean_gap_uniform,median_iter_gamma,median_iter_MS,gamma_dominates_count
200,31,0.14153185894054998,0.1361565615608453,0.14151973364091508,1,0.8063542123181158,-2.5745626860888566e+18,5.455254146844982,-2.5590450057720847e+18,7.0,126.0,27
500,31,0.1498877891248694,0.14829899377096312,0.1498789339738218,1,0.8425726634036206,-2.722791428501628e+18,4.642681829696827,-2.719561393138307e+18,7.0,126.0,29
1000,31,0.1569800150601106,0.1531482291211194,0.1569716374715176,1,0.8404881929715851,-4.344563269319467e+18,4.456429199557329,-4.295000268863252e+18,6.0,127.0,30
2000,31,0.16192146884949843,0.15614672835426305,0.16191332299075314,1,0.7930380351637248,-6.025080804239237e+18,4.562671841699514,-5.91223008545507e+18,7.0,130.0,31
